commit,file,size,type,date,time,timezone,datetime
dc692c0b,global.js,3704,js,2025-11-14,16:49:33,-08:00,2025-11-14T16:49:33-08:00
dc692c0b,index.js,953,js,2025-11-14,16:49:33,-08:00,2025-11-14T16:49:33-08:00
dc692c0b,meta/generate_loc.js,4947,js,2025-11-14,16:49:33,-08:00,2025-11-14T16:49:33-08:00
dc692c0b,meta/main.js,5481,js,2025-11-14,16:49:33,-08:00,2025-11-14T16:49:33-08:00
dc692c0b,meta/style.css,1103,css,2025-11-14,16:49:33,-08:00,2025-11-14T16:49:33-08:00
dc692c0b,projects.js,3471,js,2025-11-14,16:49:33,-08:00,2025-11-14T16:49:33-08:00
dc692c0b,scripts.js,638,js,2025-11-14,16:49:33,-08:00,2025-11-14T16:49:33-08:00
dc692c0b,style.css,5793,css,2025-11-14,16:49:33,-08:00,2025-11-14T16:49:33-08:00
9b26fa96,global.js,3704,js,2025-11-06,00:13:48,-08:00,2025-11-06T00:13:48-08:00
9b26fa96,index.js,953,js,2025-11-06,00:13:48,-08:00,2025-11-06T00:13:48-08:00
9b26fa96,meta/generate_loc.js,4947,js,2025-11-06,00:13:48,-08:00,2025-11-06T00:13:48-08:00
9b26fa96,meta/main.js,5481,js,2025-11-06,00:13:48,-08:00,2025-11-06T00:13:48-08:00
9b26fa96,meta/style.css,1103,css,2025-11-06,00:13:48,-08:00,2025-11-06T00:13:48-08:00
9b26fa96,projects.js,3471,js,2025-11-06,00:13:48,-08:00,2025-11-06T00:13:48-08:00
9b26fa96,scripts.js,638,js,2025-11-06,00:13:48,-08:00,2025-11-06T00:13:48-08:00
9b26fa96,style.css,5793,css,2025-11-06,00:13:48,-08:00,2025-11-06T00:13:48-08:00
ad5c7460,global.js,3645,js,2025-11-05,23:39:15,-08:00,2025-11-05T23:39:15-08:00
ad5c7460,index.js,953,js,2025-11-05,23:39:15,-08:00,2025-11-05T23:39:15-08:00
ad5c7460,meta/generate_loc.js,4947,js,2025-11-05,23:39:15,-08:00,2025-11-05T23:39:15-08:00
ad5c7460,meta/main.js,5849,js,2025-11-05,23:39:15,-08:00,2025-11-05T23:39:15-08:00
ad5c7460,meta/style.css,1598,css,2025-11-05,23:39:15,-08:00,2025-11-05T23:39:15-08:00
ad5c7460,projects.js,3471,js,2025-11-05,23:39:15,-08:00,2025-11-05T23:39:15-08:00
ad5c7460,scripts.js,638,js,2025-11-05,23:39:15,-08:00,2025-11-05T23:39:15-08:00
ad5c7460,style.css,5793,css,2025-11-05,23:39:15,-08:00,2025-11-05T23:39:15-08:00
88d49c65,global.js,3645,js,2025-10-30,18:41:42,-07:00,2025-10-30T18:41:42-07:00
88d49c65,index.js,953,js,2025-10-30,18:41:42,-07:00,2025-10-30T18:41:42-07:00
88d49c65,projects.js,3471,js,2025-10-30,18:41:42,-07:00,2025-10-30T18:41:42-07:00
88d49c65,scripts.js,638,js,2025-10-30,18:41:42,-07:00,2025-10-30T18:41:42-07:00
88d49c65,style.css,5793,css,2025-10-30,18:41:42,-07:00,2025-10-30T18:41:42-07:00
cd85dc00,global.js,3645,js,2025-10-23,22:01:39,-07:00,2025-10-23T22:01:39-07:00
cd85dc00,index.js,953,js,2025-10-23,22:01:39,-07:00,2025-10-23T22:01:39-07:00
cd85dc00,projects.js,299,js,2025-10-23,22:01:39,-07:00,2025-10-23T22:01:39-07:00
cd85dc00,scripts.js,638,js,2025-10-23,22:01:39,-07:00,2025-10-23T22:01:39-07:00
cd85dc00,style.css,4890,css,2025-10-23,22:01:39,-07:00,2025-10-23T22:01:39-07:00
da331968,global.js,3444,js,2025-10-23,21:57:45,-07:00,2025-10-23T21:57:45-07:00
da331968,index.js,953,js,2025-10-23,21:57:45,-07:00,2025-10-23T21:57:45-07:00
da331968,projects.js,299,js,2025-10-23,21:57:45,-07:00,2025-10-23T21:57:45-07:00
da331968,scripts.js,638,js,2025-10-23,21:57:45,-07:00,2025-10-23T21:57:45-07:00
da331968,style.css,4890,css,2025-10-23,21:57:45,-07:00,2025-10-23T21:57:45-07:00
f5691813,global.js,3443,js,2025-10-23,21:50:59,-07:00,2025-10-23T21:50:59-07:00
f5691813,index.js,953,js,2025-10-23,21:50:59,-07:00,2025-10-23T21:50:59-07:00
f5691813,projects.js,299,js,2025-10-23,21:50:59,-07:00,2025-10-23T21:50:59-07:00
f5691813,scripts.js,638,js,2025-10-23,21:50:59,-07:00,2025-10-23T21:50:59-07:00
f5691813,style.css,4890,css,2025-10-23,21:50:59,-07:00,2025-10-23T21:50:59-07:00
b84068b4,global.js,3456,js,2025-10-23,21:43:57,-07:00,2025-10-23T21:43:57-07:00
b84068b4,index.js,953,js,2025-10-23,21:43:57,-07:00,2025-10-23T21:43:57-07:00
b84068b4,projects.js,299,js,2025-10-23,21:43:57,-07:00,2025-10-23T21:43:57-07:00
b84068b4,scripts.js,638,js,2025-10-23,21:43:57,-07:00,2025-10-23T21:43:57-07:00
b84068b4,style.css,4890,css,2025-10-23,21:43:57,-07:00,2025-10-23T21:43:57-07:00
a92eb700,global.js,3456,js,2025-10-23,21:36:18,-07:00,2025-10-23T21:36:18-07:00
a92eb700,index.js,953,js,2025-10-23,21:36:18,-07:00,2025-10-23T21:36:18-07:00
a92eb700,projects.js,299,js,2025-10-23,21:36:18,-07:00,2025-10-23T21:36:18-07:00
a92eb700,scripts.js,638,js,2025-10-23,21:36:18,-07:00,2025-10-23T21:36:18-07:00
a92eb700,style.css,4890,css,2025-10-23,21:36:18,-07:00,2025-10-23T21:36:18-07:00
9e9c9749,global.js,2266,js,2025-10-17,21:40:48,-07:00,2025-10-17T21:40:48-07:00
9e9c9749,script.js,534,js,2025-10-17,21:40:48,-07:00,2025-10-17T21:40:48-07:00
9e9c9749,style.css,4593,css,2025-10-17,21:40:48,-07:00,2025-10-17T21:40:48-07:00
a62c9df3,global.js,2266,js,2025-10-17,21:34:18,-07:00,2025-10-17T21:34:18-07:00
a62c9df3,script.js,534,js,2025-10-17,21:34:18,-07:00,2025-10-17T21:34:18-07:00
a62c9df3,style.css,4593,css,2025-10-17,21:34:18,-07:00,2025-10-17T21:34:18-07:00
835be2d7,global.js,2266,js,2025-10-17,21:24:11,-07:00,2025-10-17T21:24:11-07:00
835be2d7,script.js,534,js,2025-10-17,21:24:11,-07:00,2025-10-17T21:24:11-07:00
835be2d7,style.css,4593,css,2025-10-17,21:24:11,-07:00,2025-10-17T21:24:11-07:00
5c75d236,global.js,2266,js,2025-10-17,21:18:45,-07:00,2025-10-17T21:18:45-07:00
5c75d236,script.js,534,js,2025-10-17,21:18:45,-07:00,2025-10-17T21:18:45-07:00
5c75d236,style.css,4593,css,2025-10-17,21:18:45,-07:00,2025-10-17T21:18:45-07:00
122f16b5,script.js,534,js,2025-10-09,10:13:31,-07:00,2025-10-09T10:13:31-07:00
122f16b5,style.css,4448,css,2025-10-09,10:13:31,-07:00,2025-10-09T10:13:31-07:00
fd6d7472,script.js,534,js,2025-10-09,10:10:12,-07:00,2025-10-09T10:10:12-07:00
fd6d7472,style.css,4448,css,2025-10-09,10:10:12,-07:00,2025-10-09T10:10:12-07:00
0f7bdfdd,script.js,534,js,2025-10-09,10:05:47,-07:00,2025-10-09T10:05:47-07:00
0f7bdfdd,style.css,4437,css,2025-10-09,10:05:47,-07:00,2025-10-09T10:05:47-07:00
69537f14,script.js,948,js,2025-10-06,14:20:46,-07:00,2025-10-06T14:20:46-07:00
69537f14,style.css,1941,css,2025-10-06,14:20:46,-07:00,2025-10-06T14:20:46-07:00
a74a73f9,script.js,948,js,2025-10-06,14:14:09,-07:00,2025-10-06T14:14:09-07:00
a74a73f9,style.css,1941,css,2025-10-06,14:14:09,-07:00,2025-10-06T14:14:09-07:00
173a6872,script.js,948,js,2025-10-06,14:14:01,-07:00,2025-10-06T14:14:01-07:00
173a6872,style.css,1941,css,2025-10-06,14:14:01,-07:00,2025-10-06T14:14:01-07:00
c07062f9,script.js,948,js,2025-10-06,14:13:36,-07:00,2025-10-06T14:13:36-07:00
c07062f9,style.css,1941,css,2025-10-06,14:13:36,-07:00,2025-10-06T14:13:36-07:00
1730d2e6,script.js,948,js,2025-10-06,14:11:50,-07:00,2025-10-06T14:11:50-07:00
1730d2e6,style.css,1904,css,2025-10-06,14:11:50,-07:00,2025-10-06T14:11:50-07:00
5de0fa70,script.js,948,js,2025-09-09,20:07:51,-07:00,2025-09-09T20:07:51-07:00
5de0fa70,style.css,1904,css,2025-09-09,20:07:51,-07:00,2025-09-09T20:07:51-07:00
1d133953,script.js,948,js,2025-09-09,20:01:23,-07:00,2025-09-09T20:01:23-07:00
1d133953,style.css,1903,css,2025-09-09,20:01:23,-07:00,2025-09-09T20:01:23-07:00
92e63803,script.js,948,js,2025-09-09,19:58:45,-07:00,2025-09-09T19:58:45-07:00
92e63803,style.css,1903,css,2025-09-09,19:58:45,-07:00,2025-09-09T19:58:45-07:00
2a93711a,script.js,814,js,2025-09-09,19:52:35,-07:00,2025-09-09T19:52:35-07:00
2a93711a,style.css,1903,css,2025-09-09,19:52:35,-07:00,2025-09-09T19:52:35-07:00
77c96bde,website/script.js,814,js,2025-09-09,19:51:21,-07:00,2025-09-09T19:51:21-07:00
77c96bde,website/style.css,1903,css,2025-09-09,19:51:21,-07:00,2025-09-09T19:51:21-07:00
3a4c21cb,assets/css/style.css,3225,css,2025-09-09,19:38:51,-07:00,2025-09-09T19:38:51-07:00
fd377ea6,assets/css/style.css,3225,css,2025-09-09,19:38:44,-07:00,2025-09-09T19:38:44-07:00
1efa2e12,assets/css/style.css,3225,css,2025-09-09,19:05:34,-07:00,2025-09-09T19:05:34-07:00
878b88c7,assets/css/style.css,2707,css,2025-09-09,19:02:20,-07:00,2025-09-09T19:02:20-07:00
2e6b68ae,assets/css/style.css,2902,css,2025-09-09,18:59:36,-07:00,2025-09-09T18:59:36-07:00
efc5c788,assets/css/style.css,3512,css,2025-09-09,18:57:06,-07:00,2025-09-09T18:57:06-07:00
a9f30ecf,assets/css/style.css,3365,css,2025-09-09,18:54:58,-07:00,2025-09-09T18:54:58-07:00
e6ad67a6,assets/css/style.css,3444,css,2025-09-09,18:51:43,-07:00,2025-09-09T18:51:43-07:00
aedf6500,assets/css/style.css,2901,css,2025-09-09,18:42:13,-07:00,2025-09-09T18:42:13-07:00
fd83655d,assets/css/style.css,2901,css,2025-09-09,18:41:12,-07:00,2025-09-09T18:41:12-07:00
efe188cc,assets/css/style.css,3046,css,2025-09-09,18:34:01,-07:00,2025-09-09T18:34:01-07:00
99468e1e,assets/css/style.css,3558,css,2025-09-09,18:32:28,-07:00,2025-09-09T18:32:28-07:00
3e40895d,assets/css/style.css,3169,css,2025-09-09,18:30:36,-07:00,2025-09-09T18:30:36-07:00
8fe81c1d,assets/css/style.css,3169,css,2025-09-09,18:30:09,-07:00,2025-09-09T18:30:09-07:00
b5ddc1a8,assets/css/style.css,3169,css,2025-09-09,18:29:47,-07:00,2025-09-09T18:29:47-07:00
13bf096a,assets/css/style.css,3171,css,2025-09-09,18:25:32,-07:00,2025-09-09T18:25:32-07:00
4ffd0184,assets/css/style.css,3226,css,2025-09-09,18:24:00,-07:00,2025-09-09T18:24:00-07:00
b78ae71e,assets/css/style.css,3162,css,2025-09-09,18:16:59,-07:00,2025-09-09T18:16:59-07:00
bd873cf8,assets/css/style.css,3162,css,2025-09-09,18:12:35,-07:00,2025-09-09T18:12:35-07:00
bf2ad900,assets/css/style.css,2704,css,2025-09-09,18:06:34,-07:00,2025-09-09T18:06:34-07:00
f6fb356f,assets/css/style.css,2426,css,2025-09-09,17:57:46,-07:00,2025-09-09T17:57:46-07:00